SEXEA;ACTPCAE10A;DIPLOE14AR;ANNEE;ESTIM;BINF;BSUP
1;1;1;1;76.6;74.3;79.0
1;1;1;2;57.9;54.9;60.8
1;1;1;3;47.9;44.9;50.9
1;1;1;4;40.2;37.2;43.1
1;1;1;5;34.7;31.7;37.6
1;1;2;1;78.8;76.7;80.9
1;1;2;2;60.4;57.7;63.1
1;1;2;3;48.2;45.4;51.0
1;1;2;4;39.7;36.9;42.4
1;1;2;5;34.2;31.5;36.8
1;1;3;1;73.6;71.0;76.2
1;1;3;2;56.0;52.9;59.1
1;1;3;3;44.9;41.7;48.0
1;1;3;4;36.5;33.4;39.6
1;1;3;5;30.9;28.0;33.9
1;1;4;1;75.6;72.3;78.9
1;1;4;2;59.9;55.7;64.1
1;1;4;3;48.1;43.7;52.4
1;1;4;4;42.9;38.6;47.3
1;1;4;5;36.0;31.8;40.2
1;1;5;1;75.1;72.1;78.1
1;1;5;2;56.1;52.7;59.5
1;1;5;3;44.4;41.0;47.8
1;1;5;4;37.4;34.1;40.6
1;1;5;5;31.2;28.1;34.3
1;1;E;1;76.1;74.9;77.3
1;1;E;2;57.9;56.5;59.4
1;1;E;3;46.6;45.1;48.1
1;1;E;4;39.0;37.5;40.5
1;1;E;5;33.2;31.8;34.6
1;2;1;1;72.5;69.0;76.1
1;2;1;2;57.4;53.4;61.4
1;2;1;3;45.7;41.6;49.7
1;2;1;4;37.1;33.1;41.0
1;2;1;5;31.5;27.7;35.4
1;2;2;1;73.1;70.4;75.8
1;2;2;2;52.6;49.4;55.9
1;2;2;3;41.6;38.4;44.9
1;2;2;4;33.2;30.1;36.3
1;2;2;5;28.4;25.5;31.3
1;2;3;1;73.6;70.6;76.5
1;2;3;2;56.0;52.7;59.3
1;2;3;3;44.9;41.6;48.2
1;2;3;4;36.9;33.6;40.1
1;2;3;5;32.3;29.1;35.4
1;2;4;1;72.9;69.3;76.5
1;2;4;2;52.4;48.3;56.6
1;2;4;3;39.8;35.8;43.7
1;2;4;4;32.1;28.5;35.7
1;2;4;5;28.3;24.8;31.7
1;2;5;1;70.1;67.3;72.9
1;2;5;2;51.3;48.1;54.4
1;2;5;3;40.9;37.8;44.1
1;2;5;4;32.7;29.7;35.8
1;2;5;5;27.6;24.7;30.6
1;2;E;1;72.2;70.8;73.6
1;2;E;2;53.7;52.1;55.3
1;2;E;3;42.5;40.9;44.1
1;2;E;4;34.3;32.8;35.8
1;2;E;5;29.5;28.0;30.9
1;D;1;1;75.2;73.2;77.2
1;D;1;2;57.7;55.3;60.1
1;D;1;3;47.1;44.7;49.5
1;D;1;4;39.1;36.7;41.5
1;D;1;5;33.6;31.2;35.9
1;D;2;1;76.5;74.8;78.1
1;D;2;2;57.2;55.1;59.3
1;D;2;3;45.5;43.4;47.6
1;D;2;4;37.0;34.9;39.1
1;D;2;5;31.8;29.8;33.8
1;D;3;1;73.6;71.6;75.6
1;D;3;2;56.0;53.7;58.3
1;D;3;3;44.9;42.5;47.2
1;D;3;4;36.7;34.4;38.9
1;D;3;5;31.6;29.4;33.7
1;D;4;1;74.2;71.7;76.7
1;D;4;2;55.9;52.9;58.9
1;D;4;3;43.7;40.7;46.7
1;D;4;4;37.2;34.3;40.1
1;D;4;5;31.9;29.2;34.6
1;D;5;1;72.5;70.4;74.6
1;D;5;2;53.6;51.2;55.9
1;D;5;3;42.6;40.3;44.9
1;D;5;4;34.9;32.7;37.2
1;D;5;5;29.3;27.2;31.5
1;D;E;1;74.4;73.4;75.3
1;D;E;2;56.0;54.9;57.1
1;D;E;3;44.8;43.6;45.9
1;D;E;4;36.9;35.8;37.9
1;D;E;5;31.5;30.5;32.6
2;1;1;1;77.5;73.8;81.3
2;1;1;2;60.4;56.1;64.8
2;1;1;3;49.1;44.7;53.5
2;1;1;4;42.0;37.6;46.3
2;1;1;5;35.3;31.1;39.5
2;1;2;1;77.5;74.2;80.8
2;1;2;2;62.8;58.9;66.6
2;1;2;3;51.8;47.8;55.8
2;1;2;4;43.1;39.2;47.0
2;1;2;5;36.6;32.9;40.4
2;1;3;1;76.2;72.9;79.5
2;1;3;2;59.3;55.6;63.1
2;1;3;3;48.0;44.2;51.7
2;1;3;4;42.5;38.8;46.2
2;1;3;5;36.7;33.2;40.3
2;1;4;1;82.1;78.9;85.3
2;1;4;2;68.6;64.7;72.5
2;1;4;3;56.7;52.2;61.1
2;1;4;4;50.3;45.8;54.8
2;1;4;5;46.0;41.4;50.5
2;1;5;1;80.0;77.6;82.4
2;1;5;2;64.1;61.0;67.1
2;1;5;3;54.3;51.2;57.5
2;1;5;4;46.8;43.7;49.9
2;1;5;5;42.0;38.9;45.1
2;1;E;1;78.8;77.3;80.2
2;1;E;2;63.0;61.3;64.7
2;1;E;3;52.2;50.4;54.0
2;1;E;4;45.2;43.4;46.9
2;1;E;5;39.7;38.0;41.4
2;2;1;1;75.5;71.1;80.0
2;2;1;2;55.6;49.7;61.5
2;2;1;3;41.8;36.1;47.5
2;2;1;4;35.7;30.2;41.2
2;2;1;5;31.7;26.3;37.0
2;2;2;1;73.9;69.8;78.0
2;2;2;2;56.1;51.2;60.9
2;2;2;3;45.0;40.0;50.0
2;2;2;4;38.8;33.9;43.8
2;2;2;5;33.1;28.3;37.8
2;2;3;1;72.9;69.4;76.3
2;2;3;2;51.7;47.6;55.8
2;2;3;3;39.4;35.5;43.4
2;2;3;4;32.4;28.6;36.2
2;2;3;5;26.6;23.2;30.1
2;2;4;1;76.8;73.4;80.2
2;2;4;2;58.2;54.0;62.3
2;2;4;3;45.4;41.2;49.6
2;2;4;4;36.4;32.4;40.4
2;2;4;5;32.0;28.1;35.8
2;2;5;1;71.0;68.1;74.0
2;2;5;2;55.4;52.3;58.5
2;2;5;3;45.6;42.5;48.7
2;2;5;4;39.3;36.3;42.3
2;2;5;5;34.3;31.4;37.1
2;2;E;1;73.1;71.4;74.8
2;2;E;2;55.2;53.3;57.1
2;2;E;3;43.9;42.1;45.8
2;2;E;4;37.1;35.2;38.9
2;2;E;5;32.0;30.3;33.7
2;D;1;1;76.8;73.9;79.7
2;D;1;2;58.7;55.1;62.2
2;D;1;3;46.4;42.9;49.9
2;D;1;4;39.7;36.3;43.1
2;D;1;5;34.0;30.7;37.3
2;D;2;1;76.1;73.6;78.7
2;D;2;2;60.3;57.2;63.3
2;D;2;3;49.2;46.1;52.3
2;D;2;4;41.5;38.4;44.6
2;D;2;5;35.3;32.3;38.3
2;D;3;1;74.7;72.3;77.1
2;D;3;2;55.9;53.2;58.7
2;D;3;3;44.2;41.4;46.9
2;D;3;4;38.0;35.3;40.7
2;D;3;5;32.2;29.7;34.8
2;D;4;1;79.3;77.0;81.7
2;D;4;2;63.2;60.3;66.1
2;D;4;3;50.8;47.7;53.9
2;D;4;4;43.1;40.0;46.2
2;D;4;5;38.7;35.6;41.7
2;D;5;1;75.4;73.5;77.4
2;D;5;2;59.6;57.4;61.9
2;D;5;3;49.9;47.7;52.1
2;D;5;4;43.0;40.8;45.2
2;D;5;5;38.0;35.9;40.2
2;D;E;1;76.1;75.0;77.3
2;D;E;2;59.4;58.1;60.7
2;D;E;3;48.4;47.0;49.7
2;D;E;4;41.4;40.1;42.7
2;D;E;5;36.1;34.9;37.4
E;1;1;1;76.9;74.9;78.9
E;1;1;2;58.6;56.1;61.0
E;1;1;3;48.2;45.7;50.7
E;1;1;4;40.7;38.2;43.1
E;1;1;5;34.8;32.4;37.2
E;1;2;1;78.4;76.7;80.2
E;1;2;2;61.1;58.9;63.3
E;1;2;3;49.3;47.0;51.6
E;1;2;4;40.7;38.4;42.9
E;1;2;5;34.9;32.7;37.1
E;1;3;1;74.7;72.6;76.8
E;1;3;2;57.4;55.0;59.8
E;1;3;3;46.2;43.7;48.6
E;1;3;4;39.0;36.7;41.4
E;1;3;5;33.4;31.1;35.7
E;1;4;1;78.7;76.3;81.0
E;1;4;2;64.0;61.1;66.9
E;1;4;3;52.1;49.0;55.3
E;1;4;4;46.4;43.2;49.6
E;1;4;5;40.7;37.6;43.9
E;1;5;1;77.7;75.7;79.6
E;1;5;2;60.2;57.9;62.5
E;1;5;3;49.6;47.2;51.9
E;1;5;4;42.3;40.0;44.6
E;1;5;5;36.8;34.6;39.0
E;1;E;1;77.2;76.2;78.1
E;1;E;2;60.0;58.8;61.1
E;1;E;3;48.9;47.7;50.0
E;1;E;4;41.5;40.3;42.6
E;1;E;5;35.8;34.7;36.9
E;2;1;1;73.4;70.6;76.2
E;2;1;2;56.9;53.6;60.2
E;2;1;3;44.5;41.2;47.9
E;2;1;4;36.7;33.4;39.9
E;2;1;5;31.6;28.4;34.7
E;2;2;1;73.3;71.1;75.6
E;2;2;2;53.5;50.8;56.3
E;2;2;3;42.5;39.7;45.2
E;2;2;4;34.7;32.0;37.3
E;2;2;5;29.6;27.1;32.1
E;2;3;1;73.3;71.1;75.6
E;2;3;2;54.3;51.8;56.9
E;2;3;3;42.8;40.2;45.4
E;2;3;4;35.1;32.7;37.6
E;2;3;5;30.1;27.7;32.5
E;2;4;1;74.7;72.2;77.2
E;2;4;2;55.1;52.1;58.1
E;2;4;3;42.4;39.5;45.3
E;2;4;4;34.1;31.4;36.8
E;2;4;5;30.0;27.4;32.5
E;2;5;1;70.6;68.5;72.6
E;2;5;2;53.4;51.1;55.6
E;2;5;3;43.3;41.1;45.5
E;2;5;4;36.1;33.9;38.2
E;2;5;5;31.0;28.9;33.0
E;2;E;1;72.6;71.5;73.7
E;2;E;2;54.3;53.1;55.5
E;2;E;3;43.1;41.8;44.3
E;2;E;4;35.4;34.2;36.6
E;2;E;5;30.5;29.4;31.6
E;D;1;1;75.7;74.0;77.3
E;D;1;2;58.0;56.0;60.0
E;D;1;3;46.9;44.9;48.9
E;D;1;4;39.3;37.3;41.3
E;D;1;5;33.7;31.8;35.6
E;D;2;1;76.4;75.0;77.8
E;D;2;2;58.0;56.3;59.8
E;D;2;3;46.5;44.7;48.3
E;D;2;4;38.2;36.5;40.0
E;D;2;5;32.8;31.1;34.4
E;D;3;1;74.1;72.5;75.6
E;D;3;2;56.0;54.2;57.7
E;D;3;3;44.6;42.8;46.4
E;D;3;4;37.2;35.5;38.9
E;D;3;5;31.8;30.2;33.5
E;D;4;1;76.6;74.8;78.3
E;D;4;2;59.3;57.2;61.5
E;D;4;3;47.0;44.8;49.2
E;D;4;4;40.0;37.8;42.1
E;D;4;5;35.1;33.0;37.1
E;D;5;1;74.0;72.6;75.4
E;D;5;2;56.7;55.1;58.3
E;D;5;3;46.3;44.7;48.0
E;D;5;4;39.1;37.5;40.7
E;D;5;5;33.8;32.3;35.3
E;D;E;1;75.1;74.3;75.8
E;D;E;2;57.4;56.5;58.2
E;D;E;3;46.2;45.3;47.1
E;D;E;4;38.7;37.8;39.5
E;D;E;5;33.4;32.5;34.2
